8,7,7,7,7,6,9,7.13, ,6,9,7,8,7,6,9,7.09, ,7,7,7,6,6,7,8,6.8, ,
8,7,7,7,6,5,8,6.7, ,5,8,5,5,7,7,8,6.27, ,8,8,6,5,5,7,8,6.5, ,
8,9,8,9,9,8,8,8.52, ,9,10,9,8,10,9,9,9.18, ,9,8,9,8,9,9,8,8.65, ,
5,5,6,5,5,5,8,5.35, ,5,9,5,7,7,6,8,6.36, ,
7,6,9,6,10,6,8,7.26, ,7,9,6,9,8,7,9,7.55, ,9,8,8,6,8,9,8,8.0, ,
8,8,8,8,9,9,8,8.35, ,8,9,9,8,7,9,9,8.36, ,10,8,10,7,9,9,9,8.9, ,
8,9,10,5,6,6,8,7.13, ,6,9,7,8,8,8,9,7.64, ,9,8,9,6,7,9,8,8.05, ,
8,7,6,7,8,8,8,7.48, ,6,9,8,8,6,7,8,7.18, ,7,8,8,6,5,8,7,7.05, ,
6,7,7,6,5,5,8,6.09, ,5,8,5,6,6,5,8,5.82, ,6,6,5,6,8,6.06, ,
7,7,9,7,6,6,7,6.83, ,8,9,8,8,10,9,9,8.73, ,8,9,7,6,6,7,7,7.0, ,
9,8,8,8,8,7,9,8.04, ,9,9,9,8,8,10,8,8.82, ,10,9,10,9,9,9,8,9.2, ,
9,8,10,8,6,6,9,7.7, ,9,9,8,8,7,8,9,8.18, ,8,7,8,6,6,8,9,7.4, ,
8,8,9,10,9,9,9,8.87, ,10,9,9,9,8,10,9,9.18, ,8,7,8,8,9,10,9,8.55, ,
7,9,10,9,9,8,10,8.74, ,9,7,8,8,8,8,9,8.18, ,8,7,6,8,9,9,8,7.85, ,
10,9,10,10,10,10,10,9.83, ,9,9,9,9,8,10,9,9.0, ,10,10,10,10,10,10,8,9.8, ,
8,9,10,8,6,8,9,8.09, ,8,9,5,7,7,7,8,7.09, ,7,9,8,5,8,8,8,7.55, ,
6,7,7,8,7,8,7,7.22, ,8,8,7,7,9,8,8,7.91, ,8,6,9,7,7,8,8,7.7, ,
10,10,10,9,10,9,9,9.57, ,10,10,9,9,9,10,10,9.55, ,10,10,10,7,9,10,9,9.3, ,
8,8,9,5,5,5,8,6.52, ,6,8,5,6,8,5,8,6.36, ,9,7,7,5,5,6,7,6.4, ,
8,9,10,9,10,10,10,9.39, ,8,9,9,8,7,9,9,8.36, ,9,9,9,8,9,10,10,9.15, ,
8,5,8,7,5,6,9,6.52, ,8,8,6,7,7,8,8,7.36, ,8,7,7,5,5,8,8,6.8, ,
8,7,8,7,5,6,9,6.87, ,7,9,7,8,8,8,9,7.82, ,9,9,9,7,8,8,9,8.35, ,
8,10,9,8,8,8,10,8.61, ,8,8,7,7,6,8,9,7.45, ,9,9,9,8,7,9,8,8.45, ,
8,8,8,9,9,7,8,8.17, ,9,9,9,7,8,8,8,8.36, ,9,9,9,8,10,9,10,9.1, ,
8,9,10,9,9,7,9,8.61, ,8,9,7,7,6,7,9,7.36, ,10,9,10,7,8,9,8,8.75, ,
8,7,6,8,7,6,9,7.22, ,7,9,8,8,8,8,8,7.91, ,8,7,8,8,6,8,8,7.6, ,
8,7,7,7,6,5,8,6.7, ,7,8,7,8,7,7,9,7.36, ,7,5,7,6,6,6,8,6.4, ,
8,7,9,9,5,7,8,7.39, ,8,9,8,7,7,8,8,7.82, ,9,8,8,6,9,9,8,8.15, ,
10,9,10,9,9,9,10,9.3, ,9,9,9,9,6,9,10,8.55, ,10,9,10,8,9,9,8,9.05, ,
7,7,6,8,8,8,9,7.61, ,9,10,9,8,7,8,9,8.45, ,10,7,8,8,6,8,8,7.8, ,
9,9,8,9,8,9,8,8.65, ,9,9,8,8,8,10,9,8.73, ,10,9,10,8,9,9,9,9.15, ,
8,9,9,9,10,10,9,9.22, ,9,9,7,7,7,9,9,8.09, ,9,7,9,7,7,8,8,7.9, ,
8,7,9,8,6,8,8,7.57, ,6,9,7,7,7,8,8,7.27, ,8,7,8,6,8,7,8,7.4, ,
8,8,7,8,6,7,9,7.48, ,8,9,5,7,7,8,8,7.27, ,8,6,7,5,6,7,7,6.55, ,
9,9,8,10,9,6,9,8.57, ,8,9,8,8,7,9,8,8.09, ,10,9,9,8,8,9,9,8.8, ,
7,8,7,8,7,5,9,7.17, ,8,9,7,8,6,8,8,7.55, ,8,7,7,7,7,8,9,7.5, ,
10,9,8,9,9,8,9,8.87, ,9,9,7,8,8,8,8,8.09, ,9,10,10,8,9,9,9,9.15, ,
8,7,7,6,6,5,9,6.61, ,6,9,6,7,7,5,8,6.55, ,8,7,7,5,6,8,7,6.85, ,
7,5,8,7,7,8,9,7.09, ,8,9,6,8,7,7,9,7.45, ,9,10,10,8,8,8,8,8.7, ,
9,9,8,8,8,7,9,8.22, ,8,9,7,8,8,8,9,8.0, ,9,7,9,7,7,9,8,8.1, ,
9,10,9,9,10,9,9,9.35, ,9,9,9,9,9,8,9,8.82, ,9,8,9,6,8,9,9,8.3, ,
9,10,10,10,10,10,9,9.78, ,10,9,9,9,10,10,10,9.64, ,10,10,10,10,10,10,10,10.0, ,
8,10,10,10,10,10,10,9.74, ,10,9,9,10,9,10,9,9.45, ,10,10,10,10,10,10,9,9.9, ,
9,9,10,10,9,9,10,9.35, ,10,10,8,9,9,9,9,9.09, ,10,9,10,9,9,10,9,9.5, ,
9,10,10,10,10,10,10,9.87, ,10,9,8,9,8,9,9,8.82, ,10,10,10,8,10,10,9,9.6, ,
9,9,10,9,9,9,10,9.17, ,9,10,9,9,10,10,8,9.36, ,10,9,10,10,10,10,10,9.9, ,
8,9,8,10,10,9,9,9.13, ,10,9,10,9,7,10,9,9.18, ,8,8,9,9,10,10,8,9.05, ,
8,10,9,10,10,9,8,9.3, ,9,9,9,9,9,9,9,9.0, ,9,8,9,8,9,9,10,8.85, ,
8,10,10,10,10,9,10,9.57, ,10,10,8,9,10,8,9,9.09, ,10,9,10,8,10,10,9,9.5, ,
8,6,8,6,6,5,8,6.43, ,5,9,5,7,7,5,9,6.27, ,6,5,6,8,7,7,9,6.85, ,5,8,8,6,7,6.69, ,6,5,7,7,7,9,6.58, ,
5,6,6,5,6,5,7,5.61, ,5,8,6,6,7,5,8,6.18, ,6,5,5,5,5,6,9,5.7, ,5,9,6,5,5,5.75, ,5,5,8,6,8,6.12, ,
8,7,8,5,5,8,8,6.78, ,5,8,5,8,7,5,10,6.36, ,6,6,6,6,5,6,8,6.05, ,6,9,7,5,5,6.25, ,5,5,6,7,6,8,5.95, ,
9,10,10,7,6,7,9,8.04, ,8,9,7,9,9,9,10,8.55, ,8,8,9,9,9,10,8,8.9, ,8,10,10,8,9,8.94, ,8,6,8,10,9,8,8.05, ,
8,8,9,8,8,8,9,8.17, ,9,9,8,8,8,9,9,8.55, ,7,8,8,9,8,8,8,8.05, ,7,8,7,5,6,6.56, ,7,7,8,7,7,8,7.26, ,
8,9,9,8,7,6,10,7.91, ,8,9,6,8,7,8,9,7.64, ,7,6,10,8,8,7,9,8.0, ,7,9,9,6,6,7.38, ,7,6,8,8,6,8,7.05, ,
9,9,8,9,8,9,8,8.65, ,8,9,7,9,7,9,9,8.09, ,9,9,10,10,10,10,10,9.8, ,9,10,10,9,10,9.56, ,7,7,8,9,8,9,7.84, ,
7,8,5,5,5,5,8,6.04, ,6,8,5,7,7,5,9,6.36, ,7,7,5,5,5,5,8,5.7, ,5,9,5,5,5,5.5, ,5,5,7,6,7,5.81, ,
8,8,8,7,7,8,9,7.74, ,7,9,6,6,9,5,9,7.09, ,6,8,7,6,5,6,10,6.65, ,6,9,6,6,6,6.38, ,5,6,8,6,7,7,6.37, ,
7,8,8,8,6,7,9,7.43, ,8,8,6,7,8,6,9,7.27, ,6,8,8,6,6,8,9,7.3, ,7,10,7,7,6,7.19, ,6,5,7,6,6,9,6.26, ,
9,8,8,9,9,7,8,8.3, ,7,9,8,8,7,8,9,7.82, ,8,8,8,10,9,8,10,8.65, ,8,9,9,9,10,8.94, ,8,8,9,8,8,8,8.16, ,
8,9,10,7,10,8,10,8.7, ,8,9,8,9,8,7,9,8.09, ,9,8,8,8,8,8,10,8.3, ,8,9,8,7,9,8.12, ,7,8,8,8,7,8,7.63, ,
9,9,8,5,7,7,8,7.43, ,8,9,8,8,9,8,9,8.36, ,8,7,9,8,8,9,9,8.4, ,9,9,8,6,7,7.81, ,6,8,8,9,8,8,7.74, ,
9,6,7,5,5,5,9,6.22, ,6,9,5,8,8,7,8,7.0, ,5,6,6,5,5,6,5,5.5, ,5,9,6,5,5,5.75, ,5,5,7,6,7,5.81, ,
9,10,10,5,6,6,8,7.43, ,7,9,6,8,8,6,9,7.27, ,9,8,7,6,7,8,9,7.55, ,6,8,6,5,7,6.25, ,5,5,7,7,8,8,6.42, ,
8,10,9,7,8,8,8,8.26, ,8,9,8,8,9,10,9,8.73, ,9,10,8,10,7,10,10,9.05, ,9,9,9,8,9,8.81, ,7,8,8,8,8,8,7.79, ,
7,7,9,5,5,5,8,6.22, ,5,9,6,7,7,5,8,6.36, ,6,5,5,5,5,5,8,5.4, ,5,9,6,5,5,5.75, ,5,6,5,6,8,5.81, ,
9,8,8,9,10,9,9,8.91, ,9,9,7,9,7,8,9,8.09, ,8,8,8,9,10,8,9,8.55, ,8,8,8,7,7,7.62, ,9,7,8,8,9,9,8.26, ,
9,10,10,9,8,9,10,9.17, ,8,9,9,8,8,8,9,8.36, ,7,8,8,9,9,9,10,8.6, ,8,9,10,10,10,9.38, ,9,6,7,9,7,7,7.53, ,
8,7,8,8,8,8,9,7.91, ,8,9,7,7,9,6,9,7.73, ,8,9,10,9,8,9,9,8.95, ,8,10,8,8,7,8.06, ,5,7,7,7,7,9,6.79, ,
8,9,9,9,9,7,10,8.61, ,8,9,8,9,9,7,9,8.27, ,8,10,9,8,7,8,9,8.35, ,9,9,10,9,9,9.25, ,7,8,8,10,7,8,7.95, ,
9,8,10,9,8,9,10,8.83, ,10,10,10,9,9,9,10,9.55, ,10,9,9,10,9,9,10,9.35, ,10,10,9,10,9,9.56, ,8,9,9,8,9,9,8.63, ,
8,8,9,7,8,8,8,7.91, ,7,9,8,9,7,8,9,7.91, ,7,7,10,8,8,9,10,8.6, ,9,9,9,9,7,8.62, ,6,6,8,8,8,9,7.26, ,
8,8,9,5,6,5,8,6.7, ,6,9,6,7,7,7,9,7.0, ,8,8,7,9,7,8,10,8.0, ,7,9,8,6,7,7.31, ,6,5,7,8,6,8,6.47, ,
8,8,9,8,7,8,9,8.0, ,9,8,8,8,8,10,9,8.64, ,7,8,10,9,8,6,8,8.05, ,7,10,10,9,9,8.88, ,8,7,7,7,6,8,7.16, ,
8,8,9,6,7,6,9,7.3, ,7,9,5,7,7,8,9,7.18, ,5,6,7,8,7,7,8,6.95, ,6,9,7,5,7,6.62, ,6,5,7,8,6,8,6.47, ,
8,8,10,5,5,5,8,6.61, ,6,9,6,8,7,8,9,7.27, ,5,6,5,5,5,5,8,5.4, ,5,8,8,5,5,6.12, ,5,5,6,7,6,8,5.95, ,
7,7,8,7,6,7,8,7.0, ,8,9,6,8,8,9,9,8.0, ,8,8,9,8,7,8,9,8.15, ,9,9,10,8,10,9.25, ,8,7,8,7,8,8,7.63, ,
8,8,9,6,7,7,8,7.39, ,7,9,5,8,7,5,9,6.73, ,6,7,8,6,6,8,9,7.2, ,7,8,8,8,6,7.38, ,6,5,7,9,8,9,7.05, ,
5,7,8,6,5,5,8,6.04, ,6,9,5,7,7,6,9,6.64, ,6,6,6,5,6,6,9,6.15, ,7,7,8,6,6,6.88, ,6,5,6,7,6,8,6.16, ,
8,6,7,9,8,8,8,7.74, ,7,8,8,8,8,8,9,7.91, ,6,6,7,10,10,7,9,7.9, ,7,7,10,9,9,8.5, ,9,7,8,8,6,8,7.68, ,
8,9,7,8,10,8,9,8.52, ,8,9,9,9,6,9,9,8.27, ,9,9,9,10,10,10,10,9.6, ,9,9,9,9,9,9.0, ,9,8,9,8,8,8,8.37, ,
6,7,7,7,5,7,9,6.7, ,8,9,6,7,7,6,8,7.09, ,7,7,6,5,7,6,8,6.4, ,7,8,6,6,7,6.69, ,6,5,7,7,6,8,6.32, ,
8,9,9,7,7,9,7,8.0, ,8,9,7,8,7,8,9,7.82, ,8,7,8,10,7,6,8,7.65, ,8,9,8,7,8,7.94, ,7,6,8,7,6,8,6.89, ,
10,10,9,8,10,10,9,9.48, ,8,9,8,9,8,9,9,8.45, ,9,9,9,10,9,9,10,9.25, ,9,10,10,10,10,9.75, ,8,9,9,8,8,9,8.47, ,
7,8,8,6,8,7,8,7.35, ,8,9,7,8,7,9,9,8.0, ,7,8,8,8,8,8,10,8.1, ,8,8,9,7,8,8.06, ,6,7,7,8,6,9,7.0, ,
10,10,10,9,8,9,9,9.22, ,8,9,9,9,9,9,9,8.82, ,9,9,9,9,8,10,10,9.15, ,8,9,10,7,7,8.25, ,8,7,8,9,7,9,7.89, ,
9,10,10,10,8,8,9,9.09, ,8,9,9,9,10,8,9,8.82, ,7,8,7,9,8,9,10,8.25, ,9,9,8,7,10,8.56, ,9,9,8,9,8,8,8.58, ,
9,10,10,10,9,9,9,9.43, ,9,9,9,8,10,10,9,9.27, ,9,10,9,10,10,8,10,9.3, ,9,9,9,10,10,9.38, ,9,8,8,9,8,8,8.37, ,
8,9,9,9,10,10,9,9.22, ,9,10,9,8,8,9,9,8.82, ,10,9,10,10,10,9,10,9.7, ,10,9,10,9,10,9.69, ,8,9,9,8,8,9,8.47, ,
9,10,9,9,10,10,9,9.52, ,8,10,9,10,7,10,9,8.82, ,9,9,9,10,9,10,9,9.35, ,10,10,10,10,10,10.0, ,9,7,8,7,7,8,7.68, ,
10,9,8,8,5,7,9,7.83, ,8,8,6,8,8,8,9,7.73, ,8,7,8,7,7,8,9,7.7, ,7,9,7,8,5,7.06, ,7,8,8,9,8,9,8.05, ,8,8,8,9,8,10,9,6,8.04, ,7,6,5,9,6.38, ,
8,9,10,8,7,7,9,8.09, ,9,9,8,9,9,10,10,9.09, ,7,7,8,7,7,8,8,7.5, ,9,9,7,10,8,8.5, ,7,8,8,9,9,9,8.21, ,9,10,8,9,9,10,10,6,8.71, ,8,8,5,8,7.08, ,
7,10,10,10,7,9,9,8.83, ,8,9,7,9,8,9,9,8.27, ,9,7,9,9,6,7,8,7.85, ,7,8,6,7,6,6.69, ,7,7,7,8,8,9,7.53, ,7,8,7,8,7,10,8,6,7.46, ,8,7,6,8,7.08, ,
8,6,8,8,5,6,9,6.87, ,6,9,7,9,8,7,9,7.55, ,8,6,7,6,6,7,7,6.7, ,6,8,5,6,5,5.81, ,5,7,6,7,6,8,6.37, ,8,8,7,9,6,10,8,6,7.67, ,7,6,5,8,6.23, ,
10,9,10,10,8,8,9,9.04, ,9,10,10,9,9,10,10,9.55, ,9,9,10,9,9,8,9,9.0, ,9,9,8,8,8,8.38, ,9,9,9,8,9,9,8.84, ,9,9,10,8,7,10,9,7,8.58, ,7,8,7,9,7.62, ,
8,9,9,7,7,8,9,8.0, ,9,9,9,9,8,9,10,8.91, ,7,6,9,9,6,8,8,7.75, ,9,8,7,8,6,7.62, ,8,8,6,9,8,9,7.95, ,7,9,8,9,8,8,9,6,7.88, ,8,7,7,8,7.38, ,
5,8,8,8,7,8,9,7.52, ,8,10,6,8,9,10,8,8.36, ,8,7,8,7,6,7,7,7.15, ,7,9,6,6,7,6.81, ,6,7,6,8,8,9,7.16, ,7,5,8,8,5,10,8,5,6.75, ,8,6,6,8,6.77, ,
9,9,9,7,6,7,9,7.78, ,7,8,6,8,7,6,8,6.91, ,7,7,8,8,7,9,9,7.95, ,7,9,7,6,6,6.88, ,6,8,9,8,9,10,8.11, ,8,9,8,9,9,9,9,6,8.21, ,8,6,5,8,6.46, ,
9,7,8,9,5,9,10,7.96, ,9,9,7,9,8,9,9,8.45, ,8,8,8,6,6,6,8,7.0, ,8,10,5,7,7,7.12, ,5,9,8,7,6,9,7.21, ,6,7,9,8,7,10,8,5,7.21, ,5,5,5,8,5.46, ,
8,8,9,7,5,6,9,7.13, ,7,8,6,9,9,7,9,7.64, ,8,7,9,6,6,8,7,7.4, ,6,9,5,6,7,6.31, ,7,7,7,8,7,8,7.26, ,6,7,7,8,6,10,9,5,6.96, ,7,5,5,8,5.92, ,
7,5,6,5,5,6,7,5.7, ,5,7,5,7,7,6,8,6.18, ,8,6,7,5,5,7,8,6.5, ,5,7,5,5,5,5.25, ,5,6,6,7,6,9,6.26, ,5,7,8,8,7,8,6,6,6.75, ,8,7,7,8,7.38, ,
7,5,6,6,5,6,8,5.96, ,5,8,5,8,7,6,9,6.45, ,5,5,5,5,5,5,7,5.2, ,6,8,5,5,5,5.62, ,5,8,6,7,6,9,6.68, ,5,6,7,8,6,10,7,5,6.46, ,6,5,5,8,5.69, ,
7,7,9,8,5,7,10,7.26, ,7,9,7,9,10,8,9,8.27, ,8,7,10,7,6,8,8,7.85, ,8,10,6,8,7,7.56, ,7,8,9,8,9,9,8.21, ,8,8,9,9,9,10,9,6,8.25, ,9,7,7,8,7.62, ,
9,6,8,8,7,7,8,7.43, ,7,8,8,8,8,9,8,8.0, ,7,7,8,7,6,7,8,7.15, ,8,9,6,7,6,7.06, ,7,8,8,8,8,8,7.79, ,8,9,8,9,7,9,9,6,8.04, ,8,6,7,8,7.08, ,
7,7,9,9,9,9,9,8.39, ,9,9,9,9,8,9,9,8.82, ,8,6,9,8,7,10,8,8.25, ,9,9,7,9,8,8.31, ,6,7,6,8,8,9,7.16, ,7,6,6,9,9,9,9,5,7.12, ,8,6,5,8,6.46, ,
7,10,10,9,6,9,9,8.48, ,6,9,6,8,7,8,8,7.18, ,6,6,7,8,6,8,8,7.1, ,7,9,5,5,6,6.19, ,7,7,8,7,9,9,7.68, ,7,10,8,7,8,10,8,6,7.88, ,9,9,7,10,8.54, ,
7,7,8,8,5,8,9,7.26, ,7,9,6,7,6,9,8,7.27, ,8,7,8,8,6,7,8,7.4, ,9,8,6,6,8,7.38, ,7,9,7,7,6,10,7.58, ,8,7,8,9,8,10,8,6,7.79, ,8,5,7,8,6.77, ,
7,8,8,6,7,6,8,7.0, ,7,9,7,9,8,8,8,7.82, ,8,8,9,7,6,7,8,7.55, ,6,7,6,7,6,6.31, ,5,8,8,8,9,9,7.63, ,6,7,8,9,7,10,9,5,7.29, ,8,6,6,8,6.77, ,
8,9,9,9,6,9,9,8.35, ,7,8,6,8,8,8,9,7.55, ,8,8,8,9,10,8,8,8.45, ,8,10,6,7,7,7.38, ,6,7,7,8,7,8,7.05, ,6,7,8,8,7,9,8,6,7.17, ,7,6,5,8,6.23, ,
8,8,10,8,6,7,9,7.74, ,7,9,7,9,7,8,9,7.73, ,7,6,7,7,6,7,9,6.95, ,8,8,6,7,6,6.94, ,5,7,6,8,6,10,6.74, ,6,7,9,9,7,7,8,5,7.08, ,8,6,5,8,6.46, ,
9,5,7,5,6,5,7,6.04, ,5,9,5,8,7,8,8,6.82, ,6,6,6,5,5,8,6,6.1, ,5,10,5,5,5,5.62, ,5,5,7,7,6,8,6.11, ,6,6,7,8,7,9,7,5,6.62, ,5,5,5,7,5.31, ,
5,7,9,5,5,7,7,6.22, ,5,7,7,5,6,5,6,5.82, ,6,5,7,7,5,6,8,6.3, ,
7,5,7,9,7,9,9,7.52, ,8,9,8,9,7,9,9,8.27, ,8,8,9,9,8,8,8,8.35, ,9,9,7,8,8,8.12, ,6,8,9,8,9,8,7.89, ,8,8,7,10,7,8,9,6,7.79, ,8,9,7,8,8.0, ,
6,5,7,6,7,6,10,6.43, ,7,9,5,9,7,5,8,6.73, ,7,7,6,5,6,7,7,6.35, ,8,8,5,6,5,6.31, ,5,6,7,7,7,9,6.58, ,5,6,8,7,6,10,8,5,6.54, ,5,5,5,7,5.31, ,
8,6,7,8,6,6,9,6.96, ,6,8,5,8,6,8,8,6.73, ,8,7,8,8,6,8,7,7.5, ,7,8,5,9,7,7.0, ,5,8,6,7,8,8,6.89, ,6,7,6,7,8,9,8,6,6.88, ,7,5,5,7,5.77, ,
8,9,10,8,7,7,9,8.09, ,7,9,6,9,7,9,8,7.64, ,8,6,8,7,6,9,9,7.65, ,7,8,7,6,7,6.94, ,6,8,6,8,8,8,7.26, ,5,9,7,8,8,8,9,5,7.12, ,7,5,6,8,6.23, ,
8,5,8,6,5,5,8,6.09, ,6,8,5,7,7,5,9,6.36, ,7,7,9,7,6,7,8,7.35, ,7,9,5,6,5,6.19, ,5,6,6,7,7,9,6.42, ,6,6,6,7,6,7,8,5,6.21, ,7,6,5,8,6.23, ,
6,5,5,6,5,6,10,5.91, ,8,8,5,8,7,6,9,7.0, ,8,5,7,6,5,8,8,6.75, ,6,8,6,5,5,5.88, ,6,8,6,8,6,8,6.95, ,6,5,6,7,6,7,8,5,6.04, ,6,5,5,7,5.54, ,
5,8,7,10,6,8,8,7.52, ,8,10,8,8,8,9,9,8.45, ,7,6,10,10,9,8,8,8.55, ,7,8,8,8,8,7.75, ,8,7,9,7,5,8,7.32, ,8,5,7,8,9,9,9,6,7.29, ,6,5,6,8,6.0, ,
7,9,10,8,10,8,9,8.65, ,7,9,7,9,10,10,9,8.64, ,8,9,9,7,6,8,8,7.85, ,7,9,8,6,6,7.12, ,7,9,7,9,9,8,8.16, ,8,8,8,8,7,10,8,6,7.75, ,7,6,6,8,6.54, ,
10,8,9,9,6,8,9,8.26, ,8,9,7,9,7,9,9,8.09, ,7,7,9,7,7,7,8,7.5, ,7,7,6,6,6,6.38, ,6,8,8,8,6,8,7.26, ,6,6,7,9,7,9,8,6,7.0, ,7,5,5,8,5.92, ,
9,10,10,10,8,10,9,9.43, ,10,10,8,9,9,10,9,9.27, ,10,9,10,10,9,10,10,9.75, ,10,10,8,10,10,9.5, ,8,9,9,10,9,8,8.84, ,10,10,10,9,6,10,9,8,9.12, ,10,10,8,10,9.38, ,
9,6,7,6,5,5,8,6.3, ,7,8,5,9,7,6,9,6.91, ,6,6,8,8,5,8,7,7.05, ,6,9,6,7,6,6.56, ,8,8,8,8,10,9,8.42, ,8,8,8,8,6,9,8,5,7.42, ,8,6,6,8,6.77, ,
8,5,9,7,5,6,9,6.61, ,8,9,8,8,7,7,9,7.82, ,7,7,7,7,6,6,6,6.55, ,8,9,5,6,6,6.62, ,6,7,7,8,7,8,7.05, ,5,5,9,7,7,9,8,5,6.5, ,5,5,5,8,5.46, ,
8,6,7,6,5,6,9,6.43, ,7,9,6,8,7,7,8,7.18, ,8,6,7,6,5,6,7,6.35, ,7,7,5,5,5,5.75, ,5,6,5,7,6,9,6.11, ,5,6,5,6,6,7,8,5,5.79, ,5,5,5,7,5.31, ,
9,9,9,9,8,9,9,8.83, ,8,9,9,10,7,10,10,8.82, ,8,7,8,8,8,7,7,7.6, ,9,10,7,10,8,8.62, ,8,9,9,8,8,9,8.47, ,9,9,8,8,6,7,9,6,7.83, ,8,9,5,8,7.38, ,
9,10,10,10,9,10,10,9.7, ,10,10,9,9,9,10,9,9.45, ,10,8,9,9,10,7,9,8.75, ,10,10,7,9,9,8.88, ,8,9,9,9,9,8,8.68, ,9,9,10,9,9,9,9,7,8.79, ,10,9,8,9,8.92, ,
10,8,9,10,8,10,9,9.13, ,9,10,8,10,7,9,9,8.64, ,10,10,10,10,9,8,8,9.25, ,9,9,8,9,8,8.56, ,7,7,9,7,8,9,7.68, ,8,9,8,10,8,9,9,7,8.42, ,8,9,8,8,8.31, ,
9,8,9,10,9,9,10,9.09, ,8,9,9,9,9,10,9,9.0, ,8,7,9,8,7,8,8,7.95, ,10,8,7,8,8,8.25, ,7,8,6,8,6,8,7.16, ,9,10,8,10,7,9,10,7,8.75, ,8,9,8,8,8.31, ,
9,10,10,10,7,8,10,9.0, ,8,9,9,9,8,9,9,8.64, ,9,9,9,8,8,8,9,8.5, ,8,8,8,7,7,7.62, ,7,8,7,8,7,8,7.47, ,9,9,8,8,8,10,9,6,8.25, ,9,6,8,8,7.62, ,
10,9,9,9,9,9,10,9.22, ,10,9,8,10,7,8,9,8.55, ,10,9,9,9,9,9,10,9.2, ,9,9,7,8,8,8.12, ,8,9,8,8,9,8,8.37, ,9,10,9,9,7,9,9,8,8.83, ,10,8,8,8,8.46, ,
8,8,9,8,7,7,9,7.83, ,9,10,7,9,9,8,8,8.45, ,7,8,9,8,10,8,9,8.5, ,9,8,9,5,8,7.94, ,5,8,9,9,8,9,7.79, ,10,8,9,8,8,8,8,7,8.29, ,8,8,8,7,7.85, ,8,8,8,9,8,8.24, ,8,8,7,7.86, ,
8,8,9,8,7,8,9,8.0, ,6,10,7,8,9,7,9,7.73, ,8,6,8,8,8,7,9,7.7, ,8,10,8,8,7,8.06, ,6,6,9,8,8,9,7.42, ,7,5,8,9,5,9,8,7,7.12, ,5,6,6,7,5.92, ,6,6,8,8,8,7.06, ,6,7,8,6.86, ,
8,8,9,6,8,7,9,7.65, ,8,10,6,8,8,7,9,7.73, ,8,7,8,8,9,10,9,8.55, ,8,9,8,5,6,7.19, ,5,6,8,9,8,9,7.21, ,7,6,8,8,6,7,9,6,7.0, ,6,5,9,8,6.92, ,7,8,9,8,8,7.94, ,8,9,9,8.71, ,
8,6,7,8,5,8,9,7.13, ,9,10,6,9,8,8,9,8.18, ,7,6,8,8,9,9,9,8.15, ,8,10,8,6,5,7.31, ,7,7,9,9,8,10,8.11, ,7,6,8,9,7,10,9,5,7.29, ,6,6,5,8,6.0, ,8,6,9,9,10,8.18, ,7,10,10,9.14, ,
8,8,10,5,5,5,7,6.52, ,8,8,5,7,7,5,9,6.73, ,7,5,7,5,6,9,8,6.85, ,7,9,8,5,5,6.75, ,5,7,7,8,7,9,6.95, ,6,6,7,7,5,8,10,5,6.5, ,6,5,5,9,5.85, ,5,7,7,6,8,6.41, ,7,8,8,7.71, ,
9,10,10,9,8,8,9,8.91, ,8,7,5,7,8,8,7,7.18, ,6,5,9,7,9,10,10,8.3, ,7,9,9,7,8,7.94, ,5,6,7,8,8,8,6.79, ,7,6,7,9,5,8,8,5,6.75, ,7,5,5,9,6.08, ,6,7,7,6,8,6.65, ,5,9,7,7.57, ,
8,7,9,7,5,7,9,7.13, ,8,8,7,8,8,8,9,7.91, ,5,5,7,7,8,8,7,6.95, ,7,9,7,5,6,6.69, ,6,6,8,8,7,9,7.11, ,6,6,7,9,8,8,9,6,7.08, ,7,6,5,9,6.38, ,7,8,8,9,9,8.12, ,7,10,8,8.86, ,
8,9,10,5,5,6,9,7.04, ,8,9,8,8,8,9,9,8.36, ,7,6,8,8,7,7,8,7.35, ,8,10,7,6,7,7.44, ,5,7,10,8,8,9,7.58, ,7,9,7,10,6,9,8,7,7.88, ,10,9,8,10,9.08, ,8,10,9,10,10,9.35, ,10,10,10,10.0, ,
8,9,8,7,6,9,9,7.91, ,9,9,7,9,8,8,9,8.27, ,8,8,9,7,8,9,9,8.35, ,8,8,7,5,5,6.62, ,7,8,9,9,10,9,8.53, ,8,8,10,10,9,9,9,9,8.92, ,7,5,8,7,6.69, ,7,7,7,8,9,7.47, ,7,8,10,8.0, ,
8,7,6,9,6,8,9,7.57, ,9,9,7,9,7,10,9,8.45, ,8,6,8,9,10,8,8,8.25, ,9,10,9,9,9,9.12, ,8,7,10,8,8,9,8.21, ,7,7,9,9,7,10,9,7,7.92, ,9,9,8,7,8.38, ,10,8,8,9,9,8.82, ,8,10,9,9.29, ,
8,8,10,7,6,6,8,7.3, ,7,9,6,8,8,8,9,7.64, ,6,6,8,8,9,8,8,7.75, ,8,9,6,5,6,6.69, ,5,6,9,8,8,9,7.21, ,6,7,9,9,6,9,8,6,7.33, ,8,6,6,8,6.77, ,6,6,8,6,8,6.59, ,8,8,8,8.0, ,
7,6,6,6,7,6,9,6.57, ,7,7,6,8,7,7,9,7.09, ,7,5,8,6,7,7,9,7.05, ,8,9,7,6,7,7.31, ,6,6,9,9,7,10,7.53, ,8,7,8,9,7,9,7,6,7.54, ,7,6,5,7,6.08, ,6,8,7,8,9,7.47, ,6,9,9,8.14, ,
6,9,7,6,6,6,9,6.87, ,8,8,6,8,8,7,8,7.45, ,6,6,8,7,5,9,9,7.3, ,8,9,8,5,6,7.19, ,5,6,8,7,7,9,6.74, ,5,5,6,8,5,6,8,5,5.83, ,5,5,5,6,5.15, ,6,5,5,5,9,5.71, ,5,6,8,6.0, ,
8,10,10,7,8,8,8,8.35, ,7,9,7,9,8,7,9,7.73, ,8,7,9,8,8,10,10,8.7, ,7,9,8,6,7,7.31, ,6,8,8,7,6,9,7.21, ,8,9,6,9,9,7,8,6,7.71, ,6,5,5,9,5.85, ,6,7,6,7,9,6.82, ,6,9,9,8.14, ,
10,10,10,10,10,9,9,9.74, ,9,10,9,10,9,9,9,9.18, ,8,7,9,9,10,9,10,8.95, ,10,10,10,10,10,10.0, ,9,8,10,10,10,10,9.37, ,10,10,10,10,8,9,9,9,9.5, ,10,10,9,10,9.69, ,10,10,10,10,10,10.0, ,10,10,9,9.86, ,
8,6,7,5,6,6,8,6.35, ,6,8,5,8,7,5,8,6.36, ,7,6,8,5,5,6,8,6.4, ,7,8,6,5,5,6.12, ,5,5,6,8,7,9,6.37, ,7,5,6,8,9,8,7,5,6.58, ,7,5,5,8,5.92, ,5,5,6,5,9,5.65, ,5,7,10,6.86, ,
7,5,5,5,6,5,8,5.7, ,7,8,6,6,6,5,8,6.36, ,6,5,6,5,5,6,7,5.7, ,7,8,6,5,5,6.12, ,5,5,6,7,6,9,6.05, ,5,5,7,7,7,9,8,5,6.25, ,5,5,5,8,5.46, ,5,6,7,6,9,6.29, ,6,8,8,7.43, ,
8,9,10,5,5,6,8,6.96, ,7,8,5,8,8,6,9,7.0, ,6,5,7,5,5,7,9,6.3, ,7,10,6,5,5,6.38, ,5,5,7,7,6,8,6.11, ,5,5,6,7,6,9,7,5,5.96, ,5,5,5,8,5.46, ,6,6,5,6,8,6.06, ,5,9,9,7.86, ,
8,9,10,6,5,8,9,7.57, ,8,9,7,9,8,7,9,7.91, ,8,5,8,7,7,8,10,7.6, ,7,8,8,5,6,6.81, ,5,5,6,8,7,8,6.26, ,5,6,6,7,9,6,8,5,6.21, ,7,5,5,9,6.08, ,6,6,6,6,8,6.24, ,6,8,10,7.71, ,
8,9,10,7,7,8,10,8.17, ,9,10,8,9,9,8,9,8.73, ,8,6,10,8,9,10,10,8.95, ,10,9,9,8,8,8.88, ,7,8,8,10,10,10,8.63, ,9,9,9,10,9,8,9,8,8.88, ,10,7,10,10,9.08, ,9,9,10,9,9,9.18, ,9,9,10,9.14, ,
10,8,9,5,6,5,8,6.96, ,7,9,6,8,7,6,9,7.09, ,6,6,7,6,5,7,9,6.55, ,9,10,6,5,5,6.88, ,5,5,6,7,6,9,6.05, ,5,5,7,8,8,9,9,5,6.54, ,7,5,5,9,6.08, ,5,5,6,7,8,6.0, ,5,9,9,7.86, ,
9,7,9,6,5,6,10,7.0, ,8,8,6,8,7,6,9,7.18, ,7,6,8,7,8,8,9,7.65, ,8,9,7,8,6,7.5, ,5,7,6,10,8,9,7.26, ,7,8,7,9,8,7,8,8,7.75, ,8,6,7,8,7.08, ,7,6,6,8,8,6.94, ,7,9,9,8.43, ,
9,8,9,9,9,8,10,8.74, ,8,10,7,8,9,8,9,8.27, ,8,7,9,9,10,9,8,8.75, ,9,10,8,9,8,8.69, ,5,6,10,10,8,9,7.68, ,8,8,9,10,9,8,7,7,8.21, ,9,8,8,8,8.23, ,9,9,9,10,9,9.24, ,9,10,10,9.71, ,
6,5,6,6,5,5,8,5.65, ,6,9,5,7,8,6,8,6.73, ,6,5,6,5,5,7,7,5.9, ,8,8,6,6,5,6.56, ,5,6,7,7,6,9,6.42, ,6,5,7,8,7,9,9,6,6.79, ,5,5,5,7,5.31, ,7,7,9,6,9,7.35, ,7,9,9,8.43, ,
6,8,8,8,6,6,8,7.04, ,7,10,6,8,9,6,9,7.55, ,8,5,8,7,8,8,8,7.55, ,8,9,7,6,5,6.94, ,5,5,8,10,9,10,7.42, ,5,6,7,9,7,7,8,5,6.5, ,6,5,5,7,5.54, ,8,8,8,6,10,7.76, ,8,9,9,8.71, ,
9,9,10,9,9,8,9,8.91, ,9,8,9,8,10,9,9,9.0, ,8,9,9,8,7,8,9,8.25, ,9,9,7,8,9,8.31, ,7,8,8,8,10,10,8.32, ,9,9,8,9,7,10,10,7,8.54, ,8,9,8,8,8.31, ,
9,9,10,7,6,6,8,7.61, ,8,9,6,7,9,8,9,7.91, ,9,7,7,6,6,9,9,7.5, ,7,9,6,5,5,6.25, ,5,6,8,9,6,8,6.79, ,5,7,5,8,6,9,9,5,6.46, ,7,5,5,8,5.92, ,8,8,8,8,8,8.0, ,6,8,9,7.57, ,
8,9,10,6,6,7,9,7.57, ,8,9,8,9,7,7,7,7.73, ,6,5,8,8,6,10,10,7.8, ,8,8,8,5,7,7.25, ,5,5,5,7,6,8,5.79, ,8,6,5,6,6,8,8,5,6.38, ,5,5,5,7,5.31, ,5,5,6,5,8,5.53, ,8,9,9,8.71, ,
9,6,6,5,5,5,8,6.04, ,6,9,5,7,6,5,9,6.27, ,7,5,6,5,7,7,8,6.4, ,8,9,6,5,5,6.5, ,5,6,9,8,6,9,6.89, ,5,5,7,9,6,9,7,5,6.33, ,6,5,5,7,5.54, ,5,5,6,5,9,5.65, ,6,8,7,7.29, ,
10,9,10,8,10,6,10,8.78, ,8,9,6,9,8,6,9,7.55, ,7,6,9,8,9,9,10,8.45, ,8,9,8,7,8,7.94, ,6,5,9,10,8,9,7.53, ,7,7,8,10,8,10,7,5,7.5, ,8,7,5,10,7.08, ,6,7,6,8,9,7.06, ,6,10,7,8.43, ,
5,6,7,7,7,7,9,6.74, ,8,8,5,8,8,6,9,7.18, ,6,5,8,6,7,8,8,7.05, ,8,9,7,5,5,6.75, ,5,6,6,8,7,9,6.58, ,8,7,8,9,7,7,9,5,7.38, ,6,5,5,8,5.69, ,7,7,8,9,10,8.0, ,5,10,9,8.43, ,
8,6,6,8,6,8,8,7.13, ,6,8,6,7,7,6,9,6.73, ,6,6,8,8,8,7,8,7.4, ,8,9,7,8,5,7.31, ,5,7,8,8,7,9,7.11, ,7,6,7,9,7,9,8,5,7.0, ,7,6,6,8,6.54, ,8,7,9,10,9,8.53, ,7,9,8,8.29, ,
9,8,8,9,8,9,9,8.57, ,8,10,7,9,7,8,8,7.91, ,8,6,10,9,9,8,9,8.6, ,10,10,9,9,8,9.19, ,7,8,9,10,9,10,8.63, ,9,9,10,10,9,9,9,8,9.08, ,10,9,8,8,8.77, ,8,9,9,9,8,8.65, ,9,9,10,9.14, ,
8,8,7,6,7,8,9,7.48, ,9,9,5,9,8,7,9,7.73, ,8,7,10,8,8,8,9,8.4, ,10,9,8,6,8,8.25, ,7,7,8,9,10,9,8.16, ,8,8,8,9,8,9,8,6,7.88, ,9,5,7,8,7.0, ,8,9,8,9,9,8.59, ,9,10,8,9.43, ,
9,7,7,7,6,7,9,7.26, ,8,8,6,7,7,6,8,7.0, ,6,5,8,10,8,8,9,7.9, ,9,10,8,6,8,8.12, ,6,6,8,9,7,9,7.26, ,6,6,7,9,8,8,9,6,7.08, ,6,6,5,8,6.0, ,8,8,8,9,10,8.47, ,7,10,9,9.0, ,
9,9,7,7,6,7,8,7.52, ,7,9,6,7,7,7,8,7.09, ,7,6,8,8,8,9,9,8.0, ,9,9,8,6,6,7.62, ,5,5,8,9,7,9,6.84, ,7,7,7,9,7,8,9,6,7.33, ,8,6,7,8,7.08, ,7,8,8,8,8,7.76, ,7,10,7,8.71, ,
9,10,10,9,6,8,10,8.65, ,9,9,9,9,10,9,9,9.18, ,9,8,10,10,10,10,10,9.7, ,10,9,9,9,10,9.44, ,6,8,10,10,10,10,8.74, ,10,9,10,10,9,10,9,8,9.33, ,9,8,8,10,8.54, ,9,8,9,10,9,9.0, ,8,10,10,9.43, ,
9,10,10,9,6,8,10,8.65, ,9,10,8,8,9,10,10,9.09, ,8,7,9,9,9,9,9,8.7, ,9,8,9,6,8,8.12, ,8,9,9,10,9,10,9.05, ,10,8,7,9,9,8,8,7,8.25, ,9,7,7,9,7.77, ,9,9,8,8,9,8.59, ,9,8,10,8.57, ,
9,9,9,9,6,8,9,8.3, ,9,10,7,10,9,10,9,9.0, ,8,9,9,7,7,9,9,8.3, ,9,10,7,5,6,7.31, ,5,6,8,8,7,9,6.89, ,9,6,7,10,7,10,8,7,7.88, ,8,5,7,8,6.77, ,9,7,8,8,9,8.12, ,8,10,8,9.14, ,
6,8,8,8,6,6,8,7.04, ,7,8,7,7,7,7,9,7.27, ,7,5,7,9,8,6,8,7.15, ,6,8,5,6,5,5.81, ,5,5,8,6,7,7,6.16, ,6,7,6,6,8,8,5,6,6.29, ,5,7,5,8,6.08, ,6,5,6,7,9,6.35, ,5,7,8,6.57, ,6,9,7,8.0, ,
8,6,7,5,6,6,9,6.43, ,6,10,5,8,7,5,9,6.64, ,7,8,8,6,7,5,8,6.85, ,6,8,5,7,5,6.0, ,5,5,6,8,9,7,6.47, ,6,7,6,7,7,7,5,6,6.21, ,5,6,6,7,5.92, ,7,6,6,7,9,6.82, ,6,7,9,7.0, ,5,9,7,7.75, ,
7,7,8,7,9,8,8,7.7, ,9,9,7,8,7,8,8,7.91, ,7,7,9,9,8,6,8,7.75, ,7,8,8,8,7,7.56, ,7,7,9,9,8,8,7.89, ,8,9,7,9,8,7,6,7,7.5, ,5,6,7,7,6.23, ,8,6,8,9,9,7.88, ,6,9,8,8.0, ,7,9,8,8.38, ,
6,6,8,5,5,6,8,6.0, ,5,8,6,8,6,5,9,6.27, ,5,5,6,5,5,5,8,5.5, ,5,7,5,5,5,5.25, ,5,5,6,6,7,7,5.84, ,5,5,6,5,6,7,5,5,5.38, ,5,5,6,7,5.62, ,5,5,6,5,9,5.65, ,5,8,9,7.29, ,6,10,7,8.62, ,
6,8,7,7,6,7,8,6.96, ,9,9,6,9,7,7,8,7.64, ,8,7,9,8,10,7,9,8.3, ,7,9,9,8,7,7.94, ,8,8,8,9,9,8,8.32, ,8,8,8,8,8,9,7,7,7.75, ,10,9,6,9,8.31, ,8,9,9,8,9,8.53, ,10,9,9,9.29, ,8,9,9,8.75, ,
8,7,9,5,5,6,7,6.43, ,5,8,6,8,8,5,9,6.64, ,7,6,8,7,7,5,8,6.8, ,5,8,5,6,5,5.56, ,5,5,8,7,7,7,6.32, ,5,7,5,6,8,8,5,6,6.0, ,6,7,5,6,6.0, ,6,7,6,6,9,6.59, ,6,9,8,8.0, ,5,9,9,8.0, ,
8,10,10,7,7,7,9,8.09, ,8,8,6,8,9,7,9,7.73, ,8,7,8,7,8,7,9,7.65, ,7,9,8,8,6,7.5, ,8,7,7,9,9,9,8.05, ,9,9,7,7,7,9,7,8,7.92, ,10,8,9,9,8.92, ,8,7,7,9,9,7.94, ,7,9,9,8.43, ,5,10,7,8.38, ,
8,7,7,7,8,7,9,7.48, ,8,9,7,8,7,7,8,7.55, ,8,6,9,8,9,5,8,7.55, ,7,7,7,7,5,6.62, ,7,6,8,10,8,8,7.68, ,8,7,9,9,9,9,6,6,7.58, ,9,8,7,9,8.08, ,9,9,9,7,9,8.53, ,7,8,7,7.57, ,6,9,8,8.12, ,
9,9,10,9,8,6,9,8.39, ,8,9,7,8,8,9,9,8.18, ,8,6,7,9,8,7,8,7.55, ,7,9,9,9,7,8.12, ,5,8,7,9,9,7,7.42, ,10,7,8,7,9,8,6,7,7.71, ,7,7,6,8,6.85, ,7,7,7,7,8,7.12, ,6,8,8,7.43, ,5,8,8,7.25, ,
6,8,8,6,7,6,9,6.96, ,9,10,8,8,8,8,9,8.45, ,9,8,9,9,8,5,9,7.95, ,7,10,7,8,6,7.38, ,8,8,8,7,9,8,8.0, ,9,8,8,9,8,7,6,6,7.5, ,7,8,7,8,7.46, ,8,9,8,8,10,8.47, ,9,8,8,8.29, ,8,10,9,9.38, ,
8,9,9,6,6,5,9,7.13, ,7,9,5,8,8,7,9,7.27, ,7,6,7,8,7,7,9,7.25, ,7,9,6,7,7,7.0, ,5,6,7,8,8,9,6.89, ,5,7,6,7,9,9,5,5,6.21, ,6,7,6,9,6.77, ,7,6,7,7,9,7.0, ,6,8,9,7.57, ,5,10,9,8.62, ,
8,9,9,8,10,7,10,8.61, ,9,9,8,9,8,9,9,8.64, ,9,9,9,10,9,8,9,8.95, ,9,8,9,8,8,8.5, ,8,7,9,8,10,8,8.26, ,9,9,8,8,9,9,7,8,8.29, ,9,8,8,9,8.38, ,9,9,9,9,9,9.0, ,8,9,9,8.71, ,6,10,9,8.88, ,
8,10,10,9,9,9,10,9.22, ,10,10,9,9,7,9,9,8.91, ,9,8,9,10,10,8,9,9.0, ,8,9,8,10,9,8.69, ,9,8,9,8,9,9,8.63, ,9,10,8,9,9,10,7,9,8.75, ,9,9,10,10,9.46, ,9,8,8,10,9,8.82, ,9,7,7,7.57, ,6,10,8,8.75, ,
9,5,5,5,5,5,9,5.87, ,6,8,5,8,6,6,8,6.36, ,8,5,7,8,8,5,8,6.9, ,6,7,5,6,5,5.69, ,5,5,8,7,6,7,6.16, ,5,8,5,6,9,8,5,5,6.04, ,5,5,6,6,5.46, ,7,5,6,6,9,6.35, ,5,7,8,6.57, ,5,9,7,7.75, ,
7,9,9,7,8,6,9,7.7, ,7,9,6,8,6,8,8,7.18, ,6,5,8,9,9,8,9,7.9, ,7,8,5,7,5,6.25, ,7,6,8,8,8,8,7.37, ,9,9,7,8,10,10,5,8,8.0, ,9,10,10,10,9.77, ,8,8,9,10,10,8.88, ,7,9,9,8.43, ,8,10,9,9.38, ,
6,6,5,5,5,5,7,5.48, ,5,8,6,7,7,5,8,6.27, ,6,5,6,5,5,5,7,5.5, ,5,8,5,5,5,5.38, ,5,5,6,8,8,7,6.32, ,5,6,5,5,6,6,7,5,5.5, ,6,5,5,6,5.38, ,5,6,6,5,9,5.88, ,6,8,9,7.57, ,5,9,8,7.88, ,
6,5,7,6,5,5,7,5.65, ,5,8,5,7,7,5,9,6.18, ,6,5,7,5,5,5,7,5.7, ,5,6,5,5,5,5.12, ,5,5,6,7,7,7,6.0, ,5,5,5,8,6,7,5,5,5.5, ,8,5,6,7,6.31, ,5,6,8,6,9,6.47, ,7,9,7,8.14, ,6,10,8,8.75, ,
8,8,7,7,7,8,10,7.74, ,10,10,7,9,7,8,9,8.36, ,9,8,9,10,10,9,9,9.2, ,8,8,9,9,8,8.44, ,9,7,10,9,10,7,8.68, ,9,10,8,7,9,10,8,8,8.58, ,9,9,8,9,8.69, ,9,8,9,8,10,8.65, ,8,9,10,8.86, ,7,9,9,8.5, ,
7,8,9,7,8,7,9,7.7, ,10,8,7,8,8,9,9,8.45, ,9,10,9,6,9,8,9,8.45, ,7,8,8,10,6,7.75, ,7,7,9,10,9,7,8.11, ,9,9,8,8,8,9,5,8,7.88, ,10,8,7,9,8.31, ,9,10,9,9,9,9.24, ,9,8,9,8.43, ,7,10,8,9.0, ,
8,8,9,6,8,6,6,7.22, ,8,9,5,8,8,6,9,7.27, ,8,6,8,6,7,6,8,6.95, ,7,9,8,7,6,7.31, ,5,5,8,8,7,8,6.58, ,6,7,6,7,6,7,6,6,6.29, ,5,6,5,9,5.92, ,8,7,7,8,9,7.71, ,6,7,7,6.71, ,5,9,8,7.88, ,
8,6,8,5,5,5,8,6.09, ,7,9,5,8,6,6,9,6.73, ,6,5,7,6,6,7,8,6.5, ,6,9,6,7,5,6.38, ,5,5,7,6,7,7,6.0, ,5,5,6,7,6,7,5,6,5.71, ,6,5,5,7,5.54, ,5,5,6,5,9,5.65, ,5,8,9,7.29, ,5,10,7,8.38, ,
8,9,10,8,9,8,9,8.61, ,10,10,9,9,9,9,9,9.27, ,9,8,9,10,9,10,9,9.25, ,10,9,10,10,10,9.88, ,9,8,9,9,9,8,8.68, ,9,10,9,7,9,8,10,8,8.88, ,8,7,10,8,8.31, ,8,8,9,9,9,8.53, ,9,9,7,8.71, ,6,9,10,8.38, ,
5,6,6,6,8,5,9,6.3, ,7,8,6,8,7,8,8,7.27, ,8,6,9,9,10,5,8,7.85, ,8,6,7,9,8,7.69, ,6,6,9,7,7,7,6.89, ,7,8,8,8,8,10,5,7,7.33, ,6,9,5,7,6.77, ,8,6,7,8,9,7.47, ,5,9,9,7.86, ,5,10,8,8.5, ,
5,5,5,5,5,5,7,5.17, ,5,8,5,6,7,5,8,6.0, ,5,5,5,8,5,7,7,6.05, ,5,6,5,5,5,5.12, ,5,5,8,6,6,8,6.11, ,5,5,5,7,5,7,8,5,5.67, ,6,7,7,6.73, ,
8,9,9,7,9,6,9,8.0, ,8,9,6,8,7,7,9,7.45, ,7,7,9,8,10,8,9,8.4, ,8,9,7,7,5,7.12, ,6,6,8,8,7,9,7.11, ,7,8,7,6,8,9,5,5,6.62, ,9,6,6,10,7.31, ,6,7,7,8,10,7.35, ,9,10,8,9.43, ,6,9,9,8.25, ,
9,7,7,6,9,7,9,7.61, ,10,9,7,8,7,7,9,8.0, ,8,7,9,9,9,6,8,8.0, ,8,10,7,8,7,7.81, ,6,7,8,8,8,8,7.37, ,8,9,8,6,10,9,7,7,7.88, ,7,7,7,9,7.31, ,9,7,8,8,9,8.12, ,6,9,9,8.14, ,5,9,8,7.88, ,
10,9,10,8,7,9,9,8.7, ,9,10,6,7,8,7,9,7.82, ,9,9,8,8,9,7,8,8.15, ,8,9,7,8,6,7.5, ,6,7,8,6,6,7,6.63, ,7,8,6,7,9,8,5,7,6.92, ,5,7,6,6,6.08, ,7,7,8,8,8,7.53, ,7,7,8,7.14, ,5,8,8,7.25, ,
7,8,8,6,6,7,9,7.09, ,5,8,5,7,7,6,9,6.36, ,6,7,6,5,5,5,8,5.8, ,5,8,7,5,5,5.88, ,5,7,7,7,7,8,6.68, ,6,7,6,7,7,9,5,5,6.21, ,8,5,5,7,6.0, ,6,6,7,7,9,6.76, ,5,8,8,7.14, ,5,9,7,7.75, ,
10,9,9,9,9,9,9,9.13, ,10,9,8,10,8,10,9,9.09, ,9,8,8,10,10,9,8,8.9, ,9,9,9,10,8,9.0, ,8,7,9,10,9,8,8.42, ,9,10,10,9,9,8,8,9,9.0, ,9,9,9,8,8.85, ,10,10,8,9,9,9.29, ,8,7,8,7.43, ,6,9,8,8.12, ,
8,7,9,6,6,7,8,7.04, ,8,9,5,8,10,6,8,7.55, ,8,7,8,6,6,5,8,6.7, ,5,6,5,6,5,5.31, ,7,5,7,8,9,8,7.16, ,7,8,8,6,6,8,5,6,6.67, ,6,7,6,9,6.77, ,6,7,6,7,9,6.82, ,6,10,8,8.57, ,5,10,9,8.62, ,
9,9,10,7,7,7,8,7.96, ,8,8,6,9,8,7,9,7.64, ,9,7,10,9,9,7,8,8.5, ,9,8,8,9,8,8.44, ,7,7,8,8,9,9,7.84, ,9,8,9,9,9,10,7,7,8.29, ,8,8,8,9,8.15, ,10,9,8,8,9,8.82, ,8,8,7,7.86, ,6,9,9,8.25, ,
8,10,10,6,8,7,9,8.09, ,9,9,7,8,8,7,9,8.0, ,9,7,9,8,9,8,10,8.55, ,10,10,8,7,8,8.56, ,5,6,8,8,8,9,7.05, ,7,8,7,8,9,9,6,6,7.21, ,9,7,6,10,7.62, ,7,7,6,7,9,7.06, ,7,7,9,7.29, ,5,9,8,7.88, ,
6,8,5,8,6,6,9,6.87, ,8,8,5,8,7,9,9,7.55, ,7,7,7,10,10,5,8,7.6, ,7,5,8,8,6,7.0, ,7,6,9,8,8,7,7.42, ,5,7,7,8,8,8,5,5,6.25, ,6,7,6,6,6.31, ,7,6,7,8,9,7.24, ,8,8,7,7.86, ,5,9,8,7.88, ,
5,8,9,7,8,6,8,7.17, ,8,9,7,8,7,8,9,7.82, ,8,7,9,10,9,6,8,8.15, ,9,7,7,7,6,7.31, ,8,8,9,7,7,10,8.05, ,6,7,9,8,9,10,5,6,7.08, ,6,7,7,7,6.77, ,6,6,7,8,8,6.88, ,7,7,9,7.29, ,6,9,8,8.12, ,
9,7,9,7,8,6,8,7.52, ,8,9,6,9,7,7,9,7.55, ,9,7,8,8,9,6,8,7.75, ,8,10,8,9,6,8.06, ,8,6,9,8,9,8,7.89, ,7,9,9,7,9,8,6,7,7.58, ,8,8,8,7,7.85, ,9,8,9,8,9,8.53, ,7,8,8,7.71, ,5,9,7,7.75, ,
8,9,8,7,7,6,8,7.48, ,9,9,7,8,9,7,9,8.18, ,9,8,9,9,8,8,8,8.45, ,6,9,8,8,6,7.25, ,7,7,7,8,8,9,7.53, ,9,9,7,6,9,9,5,6,7.33, ,9,7,6,8,7.31, ,7,9,8,9,9,8.35, ,9,9,8,8.86, ,6,10,8,8.75, ,
6,7,8,9,8,9,9,8.0, ,9,9,7,9,7,8,8,8.0, ,8,5,9,9,8,5,8,7.45, ,6,8,5,5,5,5.62, ,6,6,9,8,8,8,7.32, ,7,7,7,6,9,9,5,6,6.75, ,8,9,6,7,7.54, ,8,8,8,10,9,8.59, ,7,8,8,7.71, ,7,9,9,8.5, ,
9,9,10,9,9,10,9,9.26, ,8,9,6,8,9,8,9,8.0, ,8,6,10,9,9,8,8,8.5, ,9,9,9,9,8,8.81, ,8,6,9,8,9,8,7.89, ,9,9,8,7,10,9,7,6,7.96, ,8,6,7,7,6.92, ,8,8,8,8,9,8.12, ,6,8,8,7.43, ,8,10,9,9.38, ,
6,5,6,6,5,5,8,5.65, ,5,8,5,6,6,5,9,5.91, ,7,5,6,5,5,5,8,5.7, ,5,8,5,6,5,5.56, ,5,5,5,7,6,7,5.68, ,5,5,5,5,6,6,8,5,5.42, ,5,5,5,8,5.46, ,5,6,7,6,8,6.18, ,6,10,9,8.71, ,
9,8,10,7,9,7,9,8.22, ,9,9,9,9,10,8,10,9.09, ,8,7,9,9,9,8,8,8.4, ,10,6,7,7,8,7.81, ,7,6,9,8,8,10,7.74, ,9,10,8,7,9,10,5,6,7.75, ,9,8,6,9,7.77, ,8,8,8,10,9,8.59, ,8,7,8,7.43, ,5,10,8,8.5, ,
10,10,10,8,9,9,9,9.22, ,8,8,8,8,9,7,9,8.09, ,6,6,8,8,7,6,8,7.05, ,7,8,8,5,6,6.81, ,5,5,7,7,7,9,6.37, ,7,8,7,7,6,8,5,5,6.46, ,7,6,5,9,6.38, ,7,7,8,8,9,7.65, ,6,8,8,7.43, ,5,10,8,8.5, ,
9,7,9,9,8,9,8,8.39, ,10,10,9,10,9,9,9,9.36, ,10,10,10,10,10,8,8,9.4, ,9,9,10,9,8,9.06, ,9,8,10,10,10,8,9.16, ,9,9,8,8,9,9,6,7,7.96, ,9,9,9,8,8.85, ,9,8,9,9,10,8.88, ,8,7,9,7.57, ,7,9,9,8.5, ,
8,10,10,7,8,7,9,8.26, ,10,10,8,10,9,9,9,9.18, ,8,8,10,9,10,9,10,9.25, ,7,8,7,8,6,7.12, ,7,6,8,9,9,8,7.68, ,9,9,7,8,8,9,8,8,8.25, ,9,7,8,10,8.23, ,9,9,10,8,9,8.94, ,9,9,8,8.86, ,6,9,8,8.12, ,
10,10,10,7,8,8,8,8.61, ,9,10,7,9,9,8,9,8.55, ,9,9,9,10,9,8,9,8.95, ,7,8,9,8,8,8.0, ,8,8,10,9,9,9,8.74, ,9,9,7,8,10,10,6,8,8.17, ,8,8,8,8,8.0, ,8,9,8,9,9,8.59, ,9,8,8,8.29, ,7,10,8,9.0, ,
9,9,9,9,10,10,9,9.35, ,8,8,6,9,8,8,10,7.91, ,6,7,8,8,9,8,8,7.85, ,10,8,8,7,7,8.12, ,7,8,6,7,6,9,7.11, ,7,6,8,8,9,9,6,5,6.92, ,6,6,6,8,6.31, ,7,6,7,8,8,7.12, ,7,7,7,7.0, ,7,8,8,7.75, ,
9,10,10,9,9,9,9,9.26, ,9,9,9,9,8,8,9,8.64, ,8,5,9,9,10,7,10,8.35, ,9,8,9,10,9,9.06, ,8,7,9,7,8,8,7.79, ,8,8,9,9,7,10,6,7,7.79, ,8,9,8,9,8.46, ,8,7,7,9,9,7.94, ,6,8,8,7.43, ,5,10,9,8.62, ,
8,10,9,8,9,7,9,8.52, ,9,10,8,9,9,8,9,8.73, ,9,8,9,8,10,7,9,8.5, ,8,10,7,9,7,8.0, ,8,7,8,8,8,9,7.89, ,9,9,8,6,9,9,7,6,7.79, ,8,7,6,9,7.23, ,9,9,8,10,9,9.06, ,8,9,10,8.86, ,6,10,8,8.75, ,
9,10,10,9,9,8,9,9.09, ,8,9,9,8,9,8,9,8.55, ,9,7,9,9,8,7,10,8.35, ,10,9,9,8,7,8.69, ,6,7,7,9,9,10,7.74, ,9,9,7,7,9,10,5,6,7.5, ,10,6,5,10,7.23, ,6,9,8,7,10,7.76, ,5,10,9,8.43, ,5,9,8,7.88, ,
8,6,8,5,6,7,9,6.7, ,8,9,8,8,7,8,8,7.91, ,6,8,7,6,6,6,8,6.6, ,5,7,7,5,6,5.94, ,5,6,7,7,6,8,6.32, ,9,6,8,8,9,8,5,6,7.17, ,5,6,5,9,5.92, ,5,6,6,5,9,5.88, ,5,8,9,7.29, ,5,8,7,7.12, ,
8,8,8,10,9,9,10,8.87, ,9,9,8,9,9,10,9,9.0, ,8,8,9,10,8,9,9,8.8, ,9,9,8,8,9,8.56, ,9,7,10,10,8,7,8.53, ,9,9,9,9,9,9,8,9,8.83, ,8,8,8,8,8.0, ,6,8,7,7,9,7.24, ,7,8,9,7.86, ,6,9,9,8.25, ,
7,5,5,5,5,5,9,5.61, ,8,8,6,8,6,5,8,6.73, ,5,5,6,5,5,6,9,5.8, ,5,6,5,6,5,5.31, ,6,5,8,7,7,8,6.63, ,7,5,8,8,7,8,5,5,6.38, ,5,5,5,6,5.15, ,5,5,6,5,9,5.65, ,5,8,9,7.29, ,5,9,8,7.88, ,
